<?xml version="1.0" encoding="UTF-8"?>
<project-private xmlns="http://www.netbeans.org/ns/project-private/1">
    <editor-bookmarks xmlns="http://www.netbeans.org/ns/editor-bookmarks/2" lastBookmarkId="0"/>
    <open-files xmlns="http://www.netbeans.org/ns/projectui-open-files/2">
        <group>
            <file>file:/C:/Users/Brian/Desktop/digenesys1/src/digenesys1/createSelect.java</file>
            <file>file:/C:/Users/Brian/Desktop/digenesys1/src/digenesys1/useCaseOutput.java</file>
            <file>file:/C:/Users/Brian/Desktop/digenesys1/src/digenesys1/dfdInput.java</file>
            <file>file:/C:/Users/Brian/Desktop/digenesys1/src/digenesys1/RegularExp.java</file>
            <file>file:/C:/Users/Brian/Desktop/digenesys1/src/digenesys1/mainMenu.java</file>
            <file>file:/C:/Users/Brian/Desktop/digenesys1/src/digenesys1/useCaseInput.java</file>
        </group>
    </open-files>
</project-private>
